,0
0,https://cdn.dummyjson.com/product-images/1/thumbnail.jpg
1,https://cdn.dummyjson.com/product-images/2/thumbnail.jpg
2,https://cdn.dummyjson.com/product-images/3/thumbnail.jpg
3,https://cdn.dummyjson.com/product-images/4/thumbnail.jpg
4,https://cdn.dummyjson.com/product-images/5/thumbnail.jpg
5,https://cdn.dummyjson.com/product-images/6/thumbnail.png
6,https://cdn.dummyjson.com/product-images/7/thumbnail.jpg
7,https://cdn.dummyjson.com/product-images/8/thumbnail.jpg
8,https://cdn.dummyjson.com/product-images/9/thumbnail.jpg
9,https://cdn.dummyjson.com/product-images/10/thumbnail.jpeg
10,https://cdn.dummyjson.com/product-images/11/thumbnail.jpg
11,https://cdn.dummyjson.com/product-images/12/thumbnail.jpg
12,https://cdn.dummyjson.com/product-images/13/thumbnail.webp
13,https://cdn.dummyjson.com/product-images/14/thumbnail.jpg
14,https://cdn.dummyjson.com/product-images/15/thumbnail.jpg
15,https://cdn.dummyjson.com/product-images/16/thumbnail.jpg
16,https://cdn.dummyjson.com/product-images/17/thumbnail.jpg
17,https://cdn.dummyjson.com/product-images/18/thumbnail.jpg
18,https://cdn.dummyjson.com/product-images/19/thumbnail.jpg
19,https://cdn.dummyjson.com/product-images/20/thumbnail.jpg
20,https://cdn.dummyjson.com/product-images/21/thumbnail.png
21,https://cdn.dummyjson.com/product-images/22/thumbnail.jpg
22,https://cdn.dummyjson.com/product-images/23/thumbnail.jpg
23,https://cdn.dummyjson.com/product-images/24/thumbnail.jpg
24,https://cdn.dummyjson.com/product-images/25/thumbnail.jpg
25,https://cdn.dummyjson.com/product-images/26/thumbnail.jpg
26,https://cdn.dummyjson.com/product-images/27/thumbnail.webp
27,https://cdn.dummyjson.com/product-images/28/thumbnail.jpg
28,https://cdn.dummyjson.com/product-images/29/thumbnail.webp
29,https://cdn.dummyjson.com/product-images/30/thumbnail.jpg
